Customer_ID,Name,Feedback,Rating,Date_Submitted,Email
1,Angela Roberts,No Feedback,1,2022-12-19,cmurphy@example.org
2,Rachel Perry,No Feedback,1,2024-07-18,karagarcia@example.com
3,Unknown,No Feedback,1,2022-12-25,abrock@example.com
4,Nicole Lopez,No Feedback,5,,hancocksamantha@example.com
6,Meghan Valdez,No Feedback,5,,kent42@example.net
7,Joseph Lopez,No Feedback,2,,vwhite@example.com
10,Aaron Owen Dvm,No Feedback,2,2024-09-04,pbaker@example.com
15,Alyssa Gross,No Feedback,3,,zacharycox@example.com
17,Jordan Perez,No Feedback,4,2021-09-19,greencurtis@example.org
18,Michael Peterson,No Feedback,2,,ymullen@example.net
19,Dennis Douglas,Low every before choice bar Congress.,1,,sarahcole@example.org
20,Derek Carroll,Both job operation single attention.,5,,saraleblanc@example.org
